{
  "targetPositions": [-0.026053741574287415,3.0696568489074707,2.037410020828247,-0.7626200914382935,1.8677058219909668,-0.7661160230636597,2.4440219402313232,2.4518330097198486,-0.3880087435245514,2.3974056243896484,-0.3049059212207794,1.4969053268432617,-0.11713279783725739,-0.5063901543617249,3.4688849449157715,1.7251139879226685,1.437822937965393,1.13076913356781,-1.2825877666473389,0.04399833083152771,1.0224545001983643,-0.04629633575677872,0.8459281921386719,-2.380939245223999,0.639697253704071,0.6117508411407471,-0.2631050944328308,-2.755932092666626,2.973430871963501,0.921448826789856,-0.4253273010253906,3.563632011413574,-1.1894475221633911,-2.791926383972168,1.0818849802017212,0.5569300651550293,0.5034255981445312,-0.380268394947052,1.4317189455032349,2.8685030937194824,-0.9774231910705566,-1.1173698902130127,3.189418315887451,-2.012289524078369,1.7122318744659424,-2.692476987838745,-0.7319148778915405,-1.9969972372055054,-1.5302611589431763,-3.466038942337036,2.674100160598755,-1.6466214656829834,-4.0920867919921875,0.778691291809082,-1.3963053226470947,0.09219324588775635,-0.8752899765968323,0.9778667092323303,-0.7150833606719971,-1.6442015171051025,-3.368547201156616,-1.7944302558898926,-0.44487810134887695,-0.4097178280353546,-1.9641255140304565,2.120061159133911,1.9007458686828613,-3.4917099475860596,1.5736491680145264,-1.8895074129104614,0.23808139562606812,2.8761045932769775,0.3352234363555908,-3.7951786518096924,0.3885517716407776,-1.6053534746170044,1.9477503299713135,1.8338608741760254,-0.8409068584442139,-3.329824686050415,-2.2034530639648438,-2.268282890319824,-1.416124939918518,1.7819334268569946,-0.22637194395065308,-1.2019670009613037,-3.1306681632995605,-1.42857825756073,2.2346200942993164,-2.504636526107788,3.2161765098571777,0.6451051831245422,-0.0275317020714283,0.561424732208252,2.7284088134765625,0.2756359577178955,-3.9452052116394043,-2.3845303058624268,1.8162155151367188,1.440306305885315,-1.5411930084228516,2.7519538402557373,-0.007670499384403229,1.2003467082977295,2.4955801963806152,1.701521396636963,2.048880100250244,2.975193500518799,1.9748551845550537,-2.649822235107422,-1.7160176038742065,2.002607822418213,1.2057785987854004,-1.8816641569137573,-3.6298916339874268,-3.94451904296875,0.631544291973114,-2.5204577445983887,2.342190980911255,-0.8183398842811584,-2.6972620487213135,-3.5333399772644043,-1.1691887378692627],
  "targetRotations": [0.12944768486484148,0.33795816982071886,0.30676408285239387,0.9409032536443978,-0.40542323315601386,1.2973879523462575,-0.4653232077764321,-0.29619818536047177,-0.42021951480493525,-0.5230722542103511,0.4254584631222243,-0.19743740195900225,0.45639889025469527,-0.22875828892347158,0.5989265526096094,-0.5769980854360033,0.03120383156570926,-0.4337763748475439,1.139854729718488,0.07896683101367773,0.4757871481123441,-0.7409084342473211,-0.4334954791252487,-0.21324058940302987,-1.1555914507029534,0.24211309645635126,1.7249015597628017,0.041084606854299766,-0.009900447422722546,-0.0707250218737941,0.26926000240314,0.052012965549272726,0.07025102332360868,0.04594262630824883,0.549180371281718,0.058134981702519364,0.016032776047721287,-0.33262663348404253,-0.8019131844643252,0.00871457608827369,-0.44311044335784644,-0.3753851090416122,-0.1963009021105103,0.02755798064172415,0.2927477938629166,-0.030615475447619958,-0.42799828149862396,0.07546598276104033,-0.13299523906867225,0.014558764379742814,0.004616660815266794,-0.20004832268903164,-0.14528107902258888,-0.12522920487743586,0.345591049123813,0.11631295622992303,-0.48330310192512965,0.8923697976848686,0.02944561792200207,-0.7825269289249261,0.16763593135425758,0.032141898858673704,0.11261230363672867,0.04613690673292763,-0.8295426260113852,0.18735300364873866,-0.2529914000949044,0.24341773171625908,-0.24567933088449057,0.4842985535853852,0.13775098568074476,-0.6454115711107011,-0.17324952458948892,0.4760960186812239,-0.316215314652418,-0.2407945156414665,0.3804774213624367,0.24186707132668306,0.2116546864319793,0.3870491155855347,-0.14152498281849074,0.13922660966263792,0.2374646162795413,-0.5249137430792539,0.2998819167498725,0.36129078500850614,0.04899140348833099,0.0006937582315547406,0.17812974170262147,-0.37416504157298086,-0.27518439331577826,0.4524799110478564,0.611372780986645,0.27057613420112364,0.679337747081205,0.23918296503878997,-0.006825994049684786,0.004879068724502758,0.005762141237918658,-0.4502530155107974,-0.11194875407391645,0.3442111568542872,0.7107293610419383,-0.18840684654014203,0.5301137629535065,0.189851844604792,-0.17772957366834738,0.15453151737618168,0.06854422022307476,-0.457541950965823,-0.38362759102849436,0.5380423248570598,-0.10890319479062982,0.007570640089559899,0,0,0,-0.021471264171962684,0.11616913146278479,0.27273106666995256,0.04273515471098324,0.11669606515865842,-0.02446153039067178]
}
